Balancing Authority,Region
BANC,California
CISO ,California
LDWP,California
TIDC,California
AESO ,Canadian Authorities
BCHA,Canadian Authorities
MHEB,Canadian Authorities
NBSO,Canadian Authorities
SPC,Canadian Authorities
CPLE,Carolinas
CPLW ,Carolinas
DUK,Carolinas
SC,Carolinas
SCEG,Carolinas
YAD,Carolinas
SPA,Central
SWPP,Central
JEA,Florida
NSB,Florida
SEC,Florida
TAL,Florida
TEC,Florida
CEN,Mexican Authorities
CFE,Mexican Authorities
OVEC,Mid-Atlantic
PJM,Mid-Atlantic
AECI,Midwest
EEI,Midwest
LGEE,Midwest
MISO,Midwest
ISNE,New England ISO
NYIS,New York Independent System Operator
AVA ,Northwest
BPAT,Northwest
CHPD ,Northwest
DOPD,Northwest
NEVP,Northwest
NWMT,Northwest
PACE,Northwest
PACW,Northwest
PGE,Northwest
PSCO,Northwest
PSEI,Northwest
SCL,Northwest
TPWR,Northwest
WACM,Northwest
WAUW,Northwest
WWA,Northwest
AEC,Southeast
SEPA,Southeast
SOCO,Southeast
AZPS,Southwest
DEAA,Southwest
EPE,Southwest
PNM,Southwest
SRP,Southwest
TEPC,Southwest
WALC,Southwest
TVA,Tennessee Valley Authority
